"","T0","T2.86","T5.72","T8.57","T11.43","T14.29","T17.15","T20.01","T22.86","T25.72","T28.58","T31.44","T34.3","T37.16","T40.01","T42.87","T45.73","T48.59","T51.45","T54.3"
"1","Angophora melanoxylon","Angophora melanoxylon","Angophora melanoxylon","Angophora melanoxylon","Angophora melanoxylon","Angophora melanoxylon","Angophora melanoxylon","Angophora melanoxylon","Angophora melanoxylon","Angophora melanoxylon","Angophora melanoxylon","Angophora melanoxylon","Angophora melanoxylon","Angophora melanoxylon","Angophora melanoxylon","Angophora melanoxylon","Angophora melanoxylon","i2","i2","i2"
"2","Angophora woodsiana","Angophora woodsiana","Angophora woodsiana","Angophora woodsiana","Angophora woodsiana","Angophora woodsiana","Angophora woodsiana","Angophora woodsiana","Angophora woodsiana","Angophora woodsiana","Angophora woodsiana","i2","i2","i2","i2","i2","i2","i2","i2","i2"
"3","Angophora floribunda","Angophora floribunda","Angophora floribunda","Angophora floribunda","Angophora floribunda","Angophora floribunda","Angophora floribunda","Angophora floribunda","Angophora floribunda","Angophora floribunda","Angophora floribunda","i2","i2","i2","i2","i2","i2","i2","i2","i2"
"4","Angophora subvelutina","Angophora subvelutina","Angophora subvelutina","Angophora subvelutina","Angophora subvelutina","Angophora subvelutina","Angophora subvelutina","Angophora subvelutina","Angophora subvelutina","i2","i2","i2","i2","i2","i2","i2","i2","i2","i2","i2"
"5","Angophora hispida","Angophora hispida","Angophora hispida","Angophora hispida","Angophora hispida","Angophora hispida","Angophora hispida","Angophora hispida","Angophora hispida","i2","i2","i2","i2","i2","i2","i2","i2","i2","i2","i2"
"6","Corymbia eximia","Corymbia eximia","Corymbia eximia","Corymbia eximia","i2","i2","i2","i2","i2","i3","i3","i3","i3","i3","i3","i3","i3","i2","i2","i2"
"7","Corymbia maculata","Corymbia maculata","Corymbia maculata","Corymbia maculata","i2","i2","i2","i2","i2","i3","i3","i3","i3","i3","i3","i3","i3","i2","i2","i2"
"8","Corymbia henryi","Corymbia henryi","Corymbia henryi","Corymbia henryi","Corymbia henryi","Corymbia henryi","Corymbia henryi","i2","i2","i3","i3","i3","i3","i3","i3","i3","i3","i2","i2","i2"
"9","Corymbia citriodora","Corymbia citriodora","Corymbia citriodora","Corymbia citriodora","Corymbia citriodora","i3","i3","i2","i2","i3","i3","i3","i3","i3","i3","i3","i3","i2","i2","i2"
"10","Corymbia variegata","Corymbia variegata","Corymbia variegata","Corymbia variegata","Corymbia variegata","i3","i3","i2","i2","i3","i3","i3","i3","i3","i3","i3","i3","i2","i2","i2"
"11","Corymbia aparrerinja","Corymbia aparrerinja","Corymbia aparrerinja","i2","i3","i4","i4","i3","i2","i3","i3","i3","i3","i3","i3","i3","i3","i2","i2","i2"
"12","Corymbia papuana","i2","i2","i2","i3","i4","i4","i3","i2","i3","i3","i3","i3","i3","i3","i3","i3","i2","i2","i2"
"13","Corymbia dallachiana","i2","i2","i2","i3","i4","i4","i3","i2","i3","i3","i3","i3","i3","i3","i3","i3","i2","i2","i2"
"14","Corymbia grandifolia","Corymbia grandifolia","Corymbia grandifolia","i3","i4","i4","i4","i3","i2","i3","i3","i3","i3","i3","i3","i3","i3","i2","i2","i2"
"15","Corymbia torelliana","Corymbia torelliana","i3","i3","i4","i4","i4","i3","i2","i3","i3","i3","i3","i3","i3","i3","i3","i2","i2","i2"
"16","Corymbia tessellaris","Corymbia tessellaris","i3","i3","i4","i4","i4","i3","i2","i3","i3","i3","i3","i3","i3","i3","i3","i2","i2","i2"
"17","Corymbia bloxsomei","Corymbia bloxsomei","Corymbia bloxsomei","i4","i5","i5","i5","i3","i2","i3","i3","i3","i3","i3","i3","i3","i3","i2","i2","i2"
"18","Corymbia peltata","Corymbia peltata","Corymbia peltata","i4","i5","i5","i5","i3","i2","i3","i3","i3","i3","i3","i3","i3","i3","i2","i2","i2"
"19","Corymbia leichhardtii","Corymbia leichhardtii","Corymbia leichhardtii","i4","i5","i5","i5","i3","i2","i3","i3","i3","i3","i3","i3","i3","i3","i2","i2","i2"
"20","Corymbia bunites","Corymbia bunites","Corymbia bunites","Corymbia bunites","i6","i5","i5","i3","i2","i3","i3","i3","i3","i3","i3","i3","i3","i2","i2","i2"
"21","Corymbia dimorpha","Corymbia dimorpha","Corymbia dimorpha","i5","i6","i5","i5","i3","i2","i3","i3","i3","i3","i3","i3","i3","i3","i2","i2","i2"
"22","Corymbia scabrida","Corymbia scabrida","Corymbia scabrida","i5","i6","i5","i5","i3","i2","i3","i3","i3","i3","i3","i3","i3","i3","i2","i2","i2"
"23","Corymbia ferriticola","Corymbia ferriticola","Corymbia ferriticola","Corymbia ferriticola","Corymbia ferriticola","Corymbia ferriticola","Corymbia ferriticola","Corymbia ferriticola","Corymbia ferriticola","Corymbia ferriticola","i4","i4","i3","i3","i3","i3","i3","i2","i2","i2"
"24","Corymbia flavescens","Corymbia flavescens","Corymbia flavescens","Corymbia flavescens","Corymbia flavescens","Corymbia flavescens","Corymbia flavescens","Corymbia flavescens","Corymbia flavescens","Corymbia flavescens","i4","i4","i3","i3","i3","i3","i3","i2","i2","i2"
"25","Corymbia arafurica","Corymbia arafurica","Corymbia arafurica","Corymbia arafurica","Corymbia arafurica","i6","i6","i4","i3","i4","i4","i4","i3","i3","i3","i3","i3","i2","i2","i2"
"26","Corymbia confertiflora","Corymbia confertiflora","Corymbia confertiflora","i6","i7","i6","i6","i4","i3","i4","i4","i4","i3","i3","i3","i3","i3","i2","i2","i2"
"27","Corymbia aspera","Corymbia aspera","Corymbia aspera","i6","i7","i6","i6","i4","i3","i4","i4","i4","i3","i3","i3","i3","i3","i2","i2","i2"
"28","Corymbia gilbertensis","Corymbia gilbertensis","Corymbia gilbertensis","i6","i7","i6","i6","i4","i3","i4","i4","i4","i3","i3","i3","i3","i3","i2","i2","i2"
"29","Corymbia blakei","Corymbia blakei","Corymbia blakei","Corymbia blakei","Corymbia blakei","i7","i7","i4","i3","i4","i4","i4","i3","i3","i3","i3","i3","i2","i2","i2"
"30","Corymbia polysciada","Corymbia polysciada","Corymbia polysciada","Corymbia polysciada","i8","i7","i7","i4","i3","i4","i4","i4","i3","i3","i3","i3","i3","i2","i2","i2"
"31","Corymbia pauciseta","Corymbia pauciseta","Corymbia pauciseta","Corymbia pauciseta","i8","i7","i7","i4","i3","i4","i4","i4","i3","i3","i3","i3","i3","i2","i2","i2"
"32","Corymbia bella","Corymbia bella","Corymbia bella","i7","i8","i7","i7","i4","i3","i4","i4","i4","i3","i3","i3","i3","i3","i2","i2","i2"
"33","Corymbia torta","Corymbia torta","Corymbia torta","i7","i8","i7","i7","i4","i3","i4","i4","i4","i3","i3","i3","i3","i3","i2","i2","i2"
"34","Corymbia hylandii","Corymbia hylandii","Corymbia hylandii","Corymbia hylandii","i9","i8","i8","i5","i4","i5","i5","i4","i3","i3","i3","i3","i3","i2","i2","i2"
"35","Corymbia porrecta","Corymbia porrecta","Corymbia porrecta","Corymbia porrecta","i9","i8","i8","i5","i4","i5","i5","i4","i3","i3","i3","i3","i3","i2","i2","i2"
"36","Corymbia opaca","Corymbia opaca","Corymbia opaca","Corymbia opaca","Corymbia opaca","i9","i9","i6","i5","i5","i5","i4","i3","i3","i3","i3","i3","i2","i2","i2"
"37","Corymbia terminalis","Corymbia terminalis","Corymbia terminalis","Corymbia terminalis","Corymbia terminalis","i9","i9","i6","i5","i5","i5","i4","i3","i3","i3","i3","i3","i2","i2","i2"
"38","Corymbia dichromophloia","Corymbia dichromophloia","Corymbia dichromophloia","Corymbia dichromophloia","i10","i10","i9","i6","i5","i5","i5","i4","i3","i3","i3","i3","i3","i2","i2","i2"
"39","Corymbia latifolia","Corymbia latifolia","Corymbia latifolia","Corymbia latifolia","i10","i10","i9","i6","i5","i5","i5","i4","i3","i3","i3","i3","i3","i2","i2","i2"
"40","Corymbia lamprophylla","Corymbia lamprophylla","Corymbia lamprophylla","Corymbia lamprophylla","i11","i11","i9","i6","i5","i5","i5","i4","i3","i3","i3","i3","i3","i2","i2","i2"
"41","Corymbia clarksoniana","Corymbia clarksoniana","i4","i8","i11","i11","i9","i6","i5","i5","i5","i4","i3","i3","i3","i3","i3","i2","i2","i2"
"42","Corymbia jacobsiana","Corymbia jacobsiana","i4","i8","i11","i11","i9","i6","i5","i5","i5","i4","i3","i3","i3","i3","i3","i2","i2","i2"
"43","Corymbia intermedia","Corymbia intermedia","Corymbia intermedia","Corymbia intermedia","i11","i11","i9","i6","i5","i5","i5","i4","i3","i3","i3","i3","i3","i2","i2","i2"
"44","Corymbia abergiana","Corymbia abergiana","Corymbia abergiana","i9","i11","i11","i9","i6","i5","i5","i5","i4","i3","i3","i3","i3","i3","i2","i2","i2"
"45","Corymbia gummifera","i3","i5","i9","i11","i11","i9","i6","i5","i5","i5","i4","i3","i3","i3","i3","i3","i2","i2","i2"
"46","Corymbia trachyphloia","i3","i5","i9","i11","i11","i9","i6","i5","i5","i5","i4","i3","i3","i3","i3","i3","i2","i2","i2"
"47","Corymbia calophylla","i4","i5","i9","i11","i11","i9","i6","i5","i5","i5","i4","i3","i3","i3","i3","i3","i2","i2","i2"
"48","Corymbia haematoxylon","i4","i5","i9","i11","i11","i9","i6","i5","i5","i5","i4","i3","i3","i3","i3","i3","i2","i2","i2"
"49","Corymbia brachycarpa","Corymbia brachycarpa","i6","i9","i11","i11","i9","i6","i5","i5","i5","i4","i3","i3","i3","i3","i3","i2","i2","i2"
"50","Corymbia arenaria","i5","i6","i9","i11","i11","i9","i6","i5","i5","i5","i4","i3","i3","i3","i3","i3","i2","i2","i2"
"51","Corymbia chippendalei","i5","i6","i9","i11","i11","i9","i6","i5","i5","i5","i4","i3","i3","i3","i3","i3","i2","i2","i2"
"52","Corymbia hamersleyana","i5","i6","i9","i11","i11","i9","i6","i5","i5","i5","i4","i3","i3","i3","i3","i3","i2","i2","i2"
"53","Corymbia dolichocarpa","i5","i6","i9","i11","i11","i9","i6","i5","i5","i5","i4","i3","i3","i3","i3","i3","i2","i2","i2"
"54","Corymbia polycarpa","i5","i6","i9","i11","i11","i9","i6","i5","i5","i5","i4","i3","i3","i3","i3","i3","i2","i2","i2"
"55","Corymbia papillosa","Corymbia papillosa","i7","i9","i11","i11","i9","i6","i5","i5","i5","i4","i3","i3","i3","i3","i3","i2","i2","i2"
"56","Corymbia erythrophloia","i6","i7","i9","i11","i11","i9","i6","i5","i5","i5","i4","i3","i3","i3","i3","i3","i2","i2","i2"
"57","Corymbia plena","i6","i7","i9","i11","i11","i9","i6","i5","i5","i5","i4","i3","i3","i3","i3","i3","i2","i2","i2"
"58","Corymbia zygophylla","i6","i7","i9","i11","i11","i9","i6","i5","i5","i5","i4","i3","i3","i3","i3","i3","i2","i2","i2"
"59","Corymbia ellipsoidea","i6","i7","i9","i11","i11","i9","i6","i5","i5","i5","i4","i3","i3","i3","i3","i3","i2","i2","i2"
"60","Corymbia hendersonii","i6","i7","i9","i11","i11","i9","i6","i5","i5","i5","i4","i3","i3","i3","i3","i3","i2","i2","i2"
"61","Corymbia foelscheana","i6","i7","i9","i11","i11","i9","i6","i5","i5","i5","i4","i3","i3","i3","i3","i3","i2","i2","i2"
"62","Corymbia greeniana","i6","i7","i9","i11","i11","i9","i6","i5","i5","i5","i4","i3","i3","i3","i3","i3","i2","i2","i2"
"63","Corymbia dampieri","i6","i7","i9","i11","i11","i9","i6","i5","i5","i5","i4","i3","i3","i3","i3","i3","i2","i2","i2"
"64","Corymbia dunlopiana","i6","i7","i9","i11","i11","i9","i6","i5","i5","i5","i4","i3","i3","i3","i3","i3","i2","i2","i2"
"65","Corymbia collina","i6","i7","i9","i11","i11","i9","i6","i5","i5","i5","i4","i3","i3","i3","i3","i3","i2","i2","i2"
"66","Corymbia nesophila","i6","i7","i9","i11","i11","i9","i6","i5","i5","i5","i4","i3","i3","i3","i3","i3","i2","i2","i2"
"67","Corymbia bleeseri","i6","i7","i9","i11","i11","i9","i6","i5","i5","i5","i4","i3","i3","i3","i3","i3","i2","i2","i2"
"68","Eucalyptus curtisii","Eucalyptus curtisii","Eucalyptus curtisii","Eucalyptus curtisii","Eucalyptus curtisii","Eucalyptus curtisii","Eucalyptus curtisii","Eucalyptus curtisii","Eucalyptus curtisii","Eucalyptus curtisii","Eucalyptus curtisii","Eucalyptus curtisii","Eucalyptus curtisii","Eucalyptus curtisii","i4","i4","i4","i3","i3","i3"
"69","Eucalyptus lirata","Eucalyptus lirata","Eucalyptus lirata","Eucalyptus lirata","Eucalyptus lirata","Eucalyptus lirata","Eucalyptus lirata","Eucalyptus lirata","Eucalyptus lirata","Eucalyptus lirata","Eucalyptus lirata","Eucalyptus lirata","Eucalyptus lirata","Eucalyptus lirata","i4","i4","i4","i3","i3","i3"
"70","Eucalyptus tetrodonta","Eucalyptus tetrodonta","Eucalyptus tetrodonta","Eucalyptus tetrodonta","Eucalyptus tetrodonta","Eucalyptus tetrodonta","Eucalyptus tetrodonta","Eucalyptus tetrodonta","Eucalyptus tetrodonta","Eucalyptus tetrodonta","i6","i5","i4","i4","i4","i4","i4","i3","i3","i3"
"71","Eucalyptus phoenicea","Eucalyptus phoenicea","Eucalyptus phoenicea","Eucalyptus phoenicea","Eucalyptus phoenicea","i12","i10","i7","i6","i6","i6","i5","i4","i4","i4","i4","i4","i3","i3","i3"
"72","Eucalyptus miniata","Eucalyptus miniata","Eucalyptus miniata","Eucalyptus miniata","Eucalyptus miniata","i12","i10","i7","i6","i6","i6","i5","i4","i4","i4","i4","i4","i3","i3","i3"
"73","Eucalyptus baileyana","Eucalyptus baileyana","Eucalyptus baileyana","Eucalyptus baileyana","Eucalyptus baileyana","Eucalyptus baileyana","Eucalyptus baileyana","i8","i7","i7","i7","i6","i5","i5","i4","i4","i4","i3","i3","i3"
"74","Eucalyptus similis","Eucalyptus similis","Eucalyptus similis","Eucalyptus similis","Eucalyptus similis","Eucalyptus similis","Eucalyptus similis","i8","i7","i7","i7","i6","i5","i5","i4","i4","i4","i3","i3","i3"
"75","Eucalyptus gongylocarpa","Eucalyptus gongylocarpa","Eucalyptus gongylocarpa","Eucalyptus gongylocarpa","Eucalyptus gongylocarpa","Eucalyptus gongylocarpa","Eucalyptus gongylocarpa","Eucalyptus gongylocarpa","Eucalyptus gongylocarpa","Eucalyptus gongylocarpa","i8","i7","i6","i6","i4","i4","i4","i3","i3","i3"
"76","Eucalyptus roycei","Eucalyptus roycei","Eucalyptus roycei","Eucalyptus roycei","Eucalyptus roycei","Eucalyptus roycei","Eucalyptus roycei","Eucalyptus roycei","Eucalyptus roycei","Eucalyptus roycei","i8","i7","i6","i6","i4","i4","i4","i3","i3","i3"
"77","Eucalyptus erythrocorys","Eucalyptus erythrocorys","Eucalyptus erythrocorys","Eucalyptus erythrocorys","Eucalyptus erythrocorys","i13","i11","i9","i8","i8","i8","i7","i6","i6","i4","i4","i4","i3","i3","i3"
"78","Eucalyptus jucunda","Eucalyptus jucunda","Eucalyptus jucunda","Eucalyptus jucunda","Eucalyptus jucunda","i13","i11","i9","i8","i8","i8","i7","i6","i6","i4","i4","i4","i3","i3","i3"
"79","Eucalyptus conveniens","Eucalyptus conveniens","Eucalyptus conveniens","Eucalyptus conveniens","Eucalyptus conveniens","Eucalyptus conveniens","Eucalyptus conveniens","i10","i9","i8","i8","i7","i6","i6","i4","i4","i4","i3","i3","i3"
"80","Eucalyptus gamophylla","Eucalyptus gamophylla","Eucalyptus gamophylla","Eucalyptus gamophylla","Eucalyptus gamophylla","Eucalyptus gamophylla","i12","i10","i9","i8","i8","i7","i6","i6","i4","i4","i4","i3","i3","i3"
"81","Eucalyptus odontocarpa","Eucalyptus odontocarpa","Eucalyptus odontocarpa","Eucalyptus odontocarpa","Eucalyptus odontocarpa","Eucalyptus odontocarpa","i12","i10","i9","i8","i8","i7","i6","i6","i4","i4","i4","i3","i3","i3"
"82","Eucalyptus pleurocarpa","Eucalyptus pleurocarpa","Eucalyptus pleurocarpa","Eucalyptus pleurocarpa","Eucalyptus pleurocarpa","Eucalyptus pleurocarpa","Eucalyptus pleurocarpa","i10","i9","i8","i8","i7","i6","i6","i4","i4","i4","i3","i3","i3"
"83","Eucalyptus tenuipes","Eucalyptus tenuipes","Eucalyptus tenuipes","Eucalyptus tenuipes","Eucalyptus tenuipes","Eucalyptus tenuipes","Eucalyptus tenuipes","Eucalyptus tenuipes","Eucalyptus tenuipes","Eucalyptus tenuipes","Eucalyptus tenuipes","Eucalyptus tenuipes","Eucalyptus tenuipes","Eucalyptus tenuipes","Eucalyptus tenuipes","i5","i5","i4","i3","i3"
"84","Eucalyptus cloeziana","Eucalyptus cloeziana","Eucalyptus cloeziana","Eucalyptus cloeziana","Eucalyptus cloeziana","Eucalyptus cloeziana","Eucalyptus cloeziana","Eucalyptus cloeziana","Eucalyptus cloeziana","Eucalyptus cloeziana","Eucalyptus cloeziana","Eucalyptus cloeziana","Eucalyptus cloeziana","Eucalyptus cloeziana","i5","i5","i5","i4","i3","i3"
"85","Eucalyptus patens","Eucalyptus patens","Eucalyptus patens","Eucalyptus patens","i12","i14","i13","i11","i10","i9","i9","i8","i7","i7","i5","i5","i5","i4","i3","i3"
"86","Eucalyptus todtiana","Eucalyptus todtiana","Eucalyptus todtiana","Eucalyptus todtiana","i12","i14","i13","i11","i10","i9","i9","i8","i7","i7","i5","i5","i5","i4","i3","i3"
"87","Eucalyptus megacarpa","Eucalyptus megacarpa","Eucalyptus megacarpa","Eucalyptus megacarpa","Eucalyptus megacarpa","Eucalyptus megacarpa","Eucalyptus megacarpa","Eucalyptus megacarpa","Eucalyptus megacarpa","Eucalyptus megacarpa","Eucalyptus megacarpa","Eucalyptus megacarpa","Eucalyptus megacarpa","i8","i5","i5","i5","i4","i3","i3"
"88","Eucalyptus staeri","Eucalyptus staeri","Eucalyptus staeri","Eucalyptus staeri","i13","i15","i14","i12","i11","i10","i10","i9","i8","i8","i5","i5","i5","i4","i3","i3"
"89","Eucalyptus jacksonii","Eucalyptus jacksonii","Eucalyptus jacksonii","Eucalyptus jacksonii","i13","i15","i14","i12","i11","i10","i10","i9","i8","i8","i5","i5","i5","i4","i3","i3"
"90","Eucalyptus pachyloma","Eucalyptus pachyloma","Eucalyptus pachyloma","Eucalyptus pachyloma","Eucalyptus pachyloma","Eucalyptus pachyloma","Eucalyptus pachyloma","i13","i12","i10","i10","i9","i8","i8","i5","i5","i5","i4","i3","i3"
"91","Eucalyptus planchoniana","Eucalyptus planchoniana","Eucalyptus planchoniana","i10","i14","i16","i15","i13","i12","i10","i10","i9","i8","i8","i5","i5","i5","i4","i3","i3"
"92","Eucalyptus buprestium","Eucalyptus buprestium","Eucalyptus buprestium","i10","i14","i16","i15","i13","i12","i10","i10","i9","i8","i8","i5","i5","i5","i4","i3","i3"
"93","Eucalyptus umbra","Eucalyptus umbra","Eucalyptus umbra","Eucalyptus umbra","i15","i17","i16","i13","i12","i10","i10","i9","i8","i8","i5","i5","i5","i4","i3","i3"
"94","Eucalyptus apothalassica","Eucalyptus apothalassica","i8","i11","i15","i17","i16","i13","i12","i10","i10","i9","i8","i8","i5","i5","i5","i4","i3","i3"
"95","Eucalyptus carnea","Eucalyptus carnea","i8","i11","i15","i17","i16","i13","i12","i10","i10","i9","i8","i8","i5","i5","i5","i4","i3","i3"
"96","Eucalyptus rubiginosa","Eucalyptus rubiginosa","Eucalyptus rubiginosa","i12","i16","i17","i16","i13","i12","i10","i10","i9","i8","i8","i5","i5","i5","i4","i3","i3"
"97","Eucalyptus latisinensis","Eucalyptus latisinensis","Eucalyptus latisinensis","i12","i16","i17","i16","i13","i12","i10","i10","i9","i8","i8","i5","i5","i5","i4","i3","i3"
"98","Eucalyptus sphaerocarpa","Eucalyptus sphaerocarpa","Eucalyptus sphaerocarpa","i13","i17","i17","i16","i13","i12","i10","i10","i9","i8","i8","i5","i5","i5","i4","i3","i3"
"99","Eucalyptus acmenoides","Eucalyptus acmenoides","Eucalyptus acmenoides","i13","i17","i17","i16","i13","i12","i10","i10","i9","i8","i8","i5","i5","i5","i4","i3","i3"
"100","Eucalyptus amygdalina","Eucalyptus amygdalina","Eucalyptus amygdalina","i14","i17","i17","i16","i13","i12","i10","i10","i9","i8","i8","i5","i5","i5","i4","i3","i3"
"101","Eucalyptus risdonii","Eucalyptus risdonii","Eucalyptus risdonii","i14","i17","i17","i16","i13","i12","i10","i10","i9","i8","i8","i5","i5","i5","i4","i3","i3"
"102","Eucalyptus pulchella","Eucalyptus pulchella","i9","i14","i17","i17","i16","i13","i12","i10","i10","i9","i8","i8","i5","i5","i5","i4","i3","i3"
"103","Eucalyptus nitida","Eucalyptus nitida","i9","i14","i17","i17","i16","i13","i12","i10","i10","i9","i8","i8","i5","i5","i5","i4","i3","i3"
"104","Eucalyptus regnans","Eucalyptus regnans","i9","i14","i17","i17","i16","i13","i12","i10","i10","i9","i8","i8","i5","i5","i5","i4","i3","i3"
"105","Eucalyptus tenuiramis","Eucalyptus tenuiramis","i9","i14","i17","i17","i16","i13","i12","i10","i10","i9","i8","i8","i5","i5","i5","i4","i3","i3"
"106","Eucalyptus arenacea","Eucalyptus arenacea","i9","i14","i17","i17","i16","i13","i12","i10","i10","i9","i8","i8","i5","i5","i5","i4","i3","i3"
"107","Eucalyptus tindaliae","Eucalyptus tindaliae","i9","i14","i17","i17","i16","i13","i12","i10","i10","i9","i8","i8","i5","i5","i5","i4","i3","i3"
"108","Eucalyptus remota","Eucalyptus remota","i9","i14","i17","i17","i16","i13","i12","i10","i10","i9","i8","i8","i5","i5","i5","i4","i3","i3"
"109","Eucalyptus racemosa","Eucalyptus racemosa","i9","i14","i17","i17","i16","i13","i12","i10","i10","i9","i8","i8","i5","i5","i5","i4","i3","i3"
"110","Eucalyptus stenostoma","Eucalyptus stenostoma","i9","i14","i17","i17","i16","i13","i12","i10","i10","i9","i8","i8","i5","i5","i5","i4","i3","i3"
"111","Eucalyptus victoriana","Eucalyptus victoriana","i9","i14","i17","i17","i16","i13","i12","i10","i10","i9","i8","i8","i5","i5","i5","i4","i3","i3"
"112","Eucalyptus serraensis","Eucalyptus serraensis","i9","i14","i17","i17","i16","i13","i12","i10","i10","i9","i8","i8","i5","i5","i5","i4","i3","i3"
"113","Eucalyptus mitchelliana","Eucalyptus mitchelliana","i9","i14","i17","i17","i16","i13","i12","i10","i10","i9","i8","i8","i5","i5","i5","i4","i3","i3"
"114","Eucalyptus multicaulis","i7","i9","i14","i17","i17","i16","i13","i12","i10","i10","i9","i8","i8","i5","i5","i5","i4","i3","i3"
"115","Eucalyptus triflora","i7","i9","i14","i17","i17","i16","i13","i12","i10","i10","i9","i8","i8","i5","i5","i5","i4","i3","i3"
"116","Eucalyptus mackintii","i7","i9","i14","i17","i17","i16","i13","i12","i10","i10","i9","i8","i8","i5","i5","i5","i4","i3","i3"
"117","Eucalyptus muelleriana","i7","i9","i14","i17","i17","i16","i13","i12","i10","i10","i9","i8","i8","i5","i5","i5","i4","i3","i3"
"118","Eucalyptus globoidea","i7","i9","i14","i17","i17","i16","i13","i12","i10","i10","i9","i8","i8","i5","i5","i5","i4","i3","i3"
"119","Eucalyptus baxteri","i7","i9","i14","i17","i17","i16","i13","i12","i10","i10","i9","i8","i8","i5","i5","i5","i4","i3","i3"
"120","Eucalyptus sieberi","i7","i9","i14","i17","i17","i16","i13","i12","i10","i10","i9","i8","i8","i5","i5","i5","i4","i3","i3"
"121","Eucalyptus yangoura","i7","i9","i14","i17","i17","i16","i13","i12","i10","i10","i9","i8","i8","i5","i5","i5","i4","i3","i3"
"122","Eucalyptus croajingolensis","i7","i9","i14","i17","i17","i16","i13","i12","i10","i10","i9","i8","i8","i5","i5","i5","i4","i3","i3"
"123","Eucalyptus olsenii","Eucalyptus olsenii","i9","i14","i17","i17","i16","i13","i12","i10","i10","i9","i8","i8","i5","i5","i5","i4","i3","i3"
"124","Eucalyptus lacrimans","Eucalyptus lacrimans","i9","i14","i17","i17","i16","i13","i12","i10","i10","i9","i8","i8","i5","i5","i5","i4","i3","i3"
"125","Eucalyptus elata","i8","i9","i14","i17","i17","i16","i13","i12","i10","i10","i9","i8","i8","i5","i5","i5","i4","i3","i3"
"126","Eucalyptus fraxinoides","i8","i9","i14","i17","i17","i16","i13","i12","i10","i10","i9","i8","i8","i5","i5","i5","i4","i3","i3"
"127","Eucalyptus oreades","i8","i9","i14","i17","i17","i16","i13","i12","i10","i10","i9","i8","i8","i5","i5","i5","i4","i3","i3"
"128","Eucalyptus burgessiana","i8","i9","i14","i17","i17","i16","i13","i12","i10","i10","i9","i8","i8","i5","i5","i5","i4","i3","i3"
"129","Eucalyptus cunninghamii","i8","i9","i14","i17","i17","i16","i13","i12","i10","i10","i9","i8","i8","i5","i5","i5","i4","i3","i3"
"130","Eucalyptus fastigata","i8","i9","i14","i17","i17","i16","i13","i12","i10","i10","i9","i8","i8","i5","i5","i5","i4","i3","i3"
"131","Eucalyptus stricta","i9","i9","i14","i17","i17","i16","i13","i12","i10","i10","i9","i8","i8","i5","i5","i5","i4","i3","i3"
"132","Eucalyptus paliformis","i9","i9","i14","i17","i17","i16","i13","i12","i10","i10","i9","i8","i8","i5","i5","i5","i4","i3","i3"
"133","Eucalyptus stellulata","i9","i9","i14","i17","i17","i16","i13","i12","i10","i10","i9","i8","i8","i5","i5","i5","i4","i3","i3"
"134","Eucalyptus gregsoniana","i9","i9","i14","i17","i17","i16","i13","i12","i10","i10","i9","i8","i8","i5","i5","i5","i4","i3","i3"
"135","Eucalyptus kybeanensis","i9","i9","i14","i17","i17","i16","i13","i12","i10","i10","i9","i8","i8","i5","i5","i5","i4","i3","i3"
"136","Eucalyptus dives","i9","i9","i14","i17","i17","i16","i13","i12","i10","i10","i9","i8","i8","i5","i5","i5","i4","i3","i3"
"137","Eucalyptus sparsifolia","Eucalyptus sparsifolia","i9","i14","i17","i17","i16","i13","i12","i10","i10","i9","i8","i8","i5","i5","i5","i4","i3","i3"
"138","Eucalyptus bensonii","i10","i9","i14","i17","i17","i16","i13","i12","i10","i10","i9","i8","i8","i5","i5","i5","i4","i3","i3"
"139","Eucalyptus eugenioides","i10","i9","i14","i17","i17","i16","i13","i12","i10","i10","i9","i8","i8","i5","i5","i5","i4","i3","i3"
"140","Eucalyptus ligustrina","i10","i9","i14","i17","i17","i16","i13","i12","i10","i10","i9","i8","i8","i5","i5","i5","i4","i3","i3"
"141","Eucalyptus blaxlandii","i10","i9","i14","i17","i17","i16","i13","i12","i10","i10","i9","i8","i8","i5","i5","i5","i4","i3","i3"
"142","Eucalyptus haemastoma","i10","i9","i14","i17","i17","i16","i13","i12","i10","i10","i9","i8","i8","i5","i5","i5","i4","i3","i3"
"143","Eucalyptus tenella","i10","i9","i14","i17","i17","i16","i13","i12","i10","i10","i9","i8","i8","i5","i5","i5","i4","i3","i3"
"144","Eucalyptus apiculata","i10","i9","i14","i17","i17","i16","i13","i12","i10","i10","i9","i8","i8","i5","i5","i5","i4","i3","i3"
"145","Eucalyptus ralla","i10","i9","i14","i17","i17","i16","i13","i12","i10","i10","i9","i8","i8","i5","i5","i5","i4","i3","i3"
"146","Eucalyptus capitellata","i10","i9","i14","i17","i17","i16","i13","i12","i10","i10","i9","i8","i8","i5","i5","i5","i4","i3","i3"
"147","Eucalyptus oblonga","i11","i9","i14","i17","i17","i16","i13","i12","i10","i10","i9","i8","i8","i5","i5","i5","i4","i3","i3"
"148","Eucalyptus williamsiana","i11","i9","i14","i17","i17","i16","i13","i12","i10","i10","i9","i8","i8","i5","i5","i5","i4","i3","i3"
"149","Eucalyptus agglomerata","i11","i9","i14","i17","i17","i16","i13","i12","i10","i10","i9","i8","i8","i5","i5","i5","i4","i3","i3"
"150","Eucalyptus olida","i12","i9","i14","i17","i17","i16","i13","i12","i10","i10","i9","i8","i8","i5","i5","i5","i4","i3","i3"
"151","Eucalyptus youmanii","i12","i9","i14","i17","i17","i16","i13","i12","i10","i10","i9","i8","i8","i5","i5","i5","i4","i3","i3"
"152","Eucalyptus laevopinea","i12","i9","i14","i17","i17","i16","i13","i12","i10","i10","i9","i8","i8","i5","i5","i5","i4","i3","i3"
"153","Eucalyptus pilularis","i13","i9","i14","i17","i17","i16","i13","i12","i10","i10","i9","i8","i8","i5","i5","i5","i4","i3","i3"
"154","Eucalyptus pyrocarpa","i13","i9","i14","i17","i17","i16","i13","i12","i10","i10","i9","i8","i8","i5","i5","i5","i4","i3","i3"
"155","Eucalyptus caliginosa","i13","i9","i14","i17","i17","i16","i13","i12","i10","i10","i9","i8","i8","i5","i5","i5","i4","i3","i3"
"156","Eucalyptus luehmanniana","i13","i9","i14","i17","i17","i16","i13","i12","i10","i10","i9","i8","i8","i5","i5","i5","i4","i3","i3"
"157","Eucalyptus consideniana","i13","i9","i14","i17","i17","i16","i13","i12","i10","i10","i9","i8","i8","i5","i5","i5","i4","i3","i3"
"158","Eucalyptus guilfoylei","Eucalyptus guilfoylei","Eucalyptus guilfoylei","Eucalyptus guilfoylei","Eucalyptus guilfoylei","Eucalyptus guilfoylei","Eucalyptus guilfoylei","Eucalyptus guilfoylei","Eucalyptus guilfoylei","Eucalyptus guilfoylei","Eucalyptus guilfoylei","Eucalyptus guilfoylei","Eucalyptus guilfoylei","Eucalyptus guilfoylei","i6","i6","i6","i5","i4","i3"
"159","Eucalyptus microcorys","Eucalyptus microcorys","Eucalyptus microcorys","Eucalyptus microcorys","Eucalyptus microcorys","Eucalyptus microcorys","Eucalyptus microcorys","Eucalyptus microcorys","Eucalyptus microcorys","Eucalyptus microcorys","Eucalyptus microcorys","Eucalyptus microcorys","i9","i9","i6","i6","i6","i5","i4","i3"
"160","Eucalyptus decurva","Eucalyptus decurva","Eucalyptus decurva","Eucalyptus decurva","Eucalyptus decurva","Eucalyptus decurva","Eucalyptus decurva","Eucalyptus decurva","Eucalyptus decurva","Eucalyptus decurva","Eucalyptus decurva","Eucalyptus decurva","i9","i9","i6","i6","i6","i5","i4","i3"
"161","Eucalyptus squamosa","Eucalyptus squamosa","Eucalyptus squamosa","Eucalyptus squamosa","Eucalyptus squamosa","Eucalyptus squamosa","Eucalyptus squamosa","Eucalyptus squamosa","i13","i11","i11","i10","i9","i9","i6","i6","i6","i5","i4","i3"
"162","Eucalyptus tetraptera","Eucalyptus tetraptera","Eucalyptus tetraptera","Eucalyptus tetraptera","Eucalyptus tetraptera","Eucalyptus tetraptera","Eucalyptus tetraptera","i14","i13","i11","i11","i10","i9","i9","i6","i6","i6","i5","i4","i3"
"163","Eucalyptus oxymitra","Eucalyptus oxymitra","Eucalyptus oxymitra","Eucalyptus oxymitra","Eucalyptus oxymitra","i18","i17","i14","i13","i11","i11","i10","i9","i9","i6","i6","i6","i5","i4","i3"
"164","Eucalyptus pyriformis","Eucalyptus pyriformis","Eucalyptus pyriformis","Eucalyptus pyriformis","Eucalyptus pyriformis","i18","i17","i14","i13","i11","i11","i10","i9","i9","i6","i6","i6","i5","i4","i3"
"165","Eucalyptus sessilis","Eucalyptus sessilis","Eucalyptus sessilis","Eucalyptus sessilis","Eucalyptus sessilis","i19","i17","i14","i13","i11","i11","i10","i9","i9","i6","i6","i6","i5","i4","i3"
"166","Eucalyptus pachyphylla","Eucalyptus pachyphylla","Eucalyptus pachyphylla","Eucalyptus pachyphylla","Eucalyptus pachyphylla","i19","i17","i14","i13","i11","i11","i10","i9","i9","i6","i6","i6","i5","i4","i3"
"167","Eucalyptus rosacea","Eucalyptus rosacea","Eucalyptus rosacea","Eucalyptus rosacea","i18","i19","i17","i14","i13","i11","i11","i10","i9","i9","i6","i6","i6","i5","i4","i3"
"168","Eucalyptus glomerosa","Eucalyptus glomerosa","i10","i15","i18","i19","i17","i14","i13","i11","i11","i10","i9","i9","i6","i6","i6","i5","i4","i3"
"169","Eucalyptus youngiana","Eucalyptus youngiana","i10","i15","i18","i19","i17","i14","i13","i11","i11","i10","i9","i9","i6","i6","i6","i5","i4","i3"
"170","Eucalyptus orbifolia","Eucalyptus orbifolia","i11","i16","i18","i19","i17","i14","i13","i11","i11","i10","i9","i9","i6","i6","i6","i5","i4","i3"
"171","Eucalyptus burracoppinensis","Eucalyptus burracoppinensis","i11","i16","i18","i19","i17","i14","i13","i11","i11","i10","i9","i9","i6","i6","i6","i5","i4","i3"
"172","Eucalyptus ewartiana","i14","i11","i16","i18","i19","i17","i14","i13","i11","i11","i10","i9","i9","i6","i6","i6","i5","i4","i3"
"173","Eucalyptus oldfieldii","i14","i11","i16","i18","i19","i17","i14","i13","i11","i11","i10","i9","i9","i6","i6","i6","i5","i4","i3"
"174","Eucalyptus diversicolor","Eucalyptus diversicolor","Eucalyptus diversicolor","Eucalyptus diversicolor","Eucalyptus diversicolor","i19","i17","i14","i13","i11","i11","i10","i9","i9","i6","i6","i6","i5","i4","i3"
"175","Eucalyptus bakeri","Eucalyptus bakeri","Eucalyptus bakeri","i17","i19","i19","i17","i14","i13","i11","i11","i10","i9","i9","i6","i6","i6","i5","i4","i3"
"176","Eucalyptus cneorifolia","Eucalyptus cneorifolia","Eucalyptus cneorifolia","i17","i19","i19","i17","i14","i13","i11","i11","i10","i9","i9","i6","i6","i6","i5","i4","i3"
"177","Eucalyptus balanopelex","Eucalyptus balanopelex","Eucalyptus balanopelex","i17","i19","i19","i17","i14","i13","i11","i11","i10","i9","i9","i6","i6","i6","i5","i4","i3"
"178","Eucalyptus dolichocera","Eucalyptus dolichocera","i12","i17","i19","i19","i17","i14","i13","i11","i11","i10","i9","i9","i6","i6","i6","i5","i4","i3"
"179","Eucalyptus moderata","Eucalyptus moderata","i12","i17","i19","i19","i17","i14","i13","i11","i11","i10","i9","i9","i6","i6","i6","i5","i4","i3"
"180","Eucalyptus salmonophloia","Eucalyptus salmonophloia","i12","i17","i19","i19","i17","i14","i13","i11","i11","i10","i9","i9","i6","i6","i6","i5","i4","i3"
"181","Eucalyptus delicata","i15","i12","i17","i19","i19","i17","i14","i13","i11","i11","i10","i9","i9","i6","i6","i6","i5","i4","i3"
"182","Eucalyptus aspersa","i15","i12","i17","i19","i19","i17","i14","i13","i11","i11","i10","i9","i9","i6","i6","i6","i5","i4","i3"
"183","Eucalyptus urna","i15","i12","i17","i19","i19","i17","i14","i13","i11","i11","i10","i9","i9","i6","i6","i6","i5","i4","i3"
"184","Eucalyptus hypolaena","i15","i12","i17","i19","i19","i17","i14","i13","i11","i11","i10","i9","i9","i6","i6","i6","i5","i4","i3"
"185","Eucalyptus indurata","i15","i12","i17","i19","i19","i17","i14","i13","i11","i11","i10","i9","i9","i6","i6","i6","i5","i4","i3"
"186","Eucalyptus micranthera","i15","i12","i17","i19","i19","i17","i14","i13","i11","i11","i10","i9","i9","i6","i6","i6","i5","i4","i3"
"187","Eucalyptus vokesensis","i15","i12","i17","i19","i19","i17","i14","i13","i11","i11","i10","i9","i9","i6","i6","i6","i5","i4","i3"
"188","Eucalyptus gillii","i15","i12","i17","i19","i19","i17","i14","i13","i11","i11","i10","i9","i9","i6","i6","i6","i5","i4","i3"
"189","Eucalyptus yalatensis","i15","i12","i17","i19","i19","i17","i14","i13","i11","i11","i10","i9","i9","i6","i6","i6","i5","i4","i3"
"190","Eucalyptus optima","i15","i12","i17","i19","i19","i17","i14","i13","i11","i11","i10","i9","i9","i6","i6","i6","i5","i4","i3"
"191","Eucalyptus yumbarrana","i15","i12","i17","i19","i19","i17","i14","i13","i11","i11","i10","i9","i9","i6","i6","i6","i5","i4","i3"
"192","Eucalyptus cooperiana","i15","i12","i17","i19","i19","i17","i14","i13","i11","i11","i10","i9","i9","i6","i6","i6","i5","i4","i3"
"193","Eucalyptus falcata","i15","i12","i17","i19","i19","i17","i14","i13","i11","i11","i10","i9","i9","i6","i6","i6","i5","i4","i3"
"194","Eucalyptus argyphea","i15","i12","i17","i19","i19","i17","i14","i13","i11","i11","i10","i9","i9","i6","i6","i6","i5","i4","i3"
"195","Eucalyptus kumarlensis","i15","i12","i17","i19","i19","i17","i14","i13","i11","i11","i10","i9","i9","i6","i6","i6","i5","i4","i3"
"196","Eucalyptus salicola","i15","i12","i17","i19","i19","i17","i14","i13","i11","i11","i10","i9","i9","i6","i6","i6","i5","i4","i3"
"197","Eucalyptus leptophylla","i15","i12","i17","i19","i19","i17","i14","i13","i11","i11","i10","i9","i9","i6","i6","i6","i5","i4","i3"
"198","Eucalyptus discreta","i15","i12","i17","i19","i19","i17","i14","i13","i11","i11","i10","i9","i9","i6","i6","i6","i5","i4","i3"
"199","Eucalyptus horistes","i15","i12","i17","i19","i19","i17","i14","i13","i11","i11","i10","i9","i9","i6","i6","i6","i5","i4","i3"
"200","Eucalyptus rigidula","i15","i12","i17","i19","i19","i17","i14","i13","i11","i11","i10","i9","i9","i6","i6","i6","i5","i4","i3"
"201","Eucalyptus latens","i15","i12","i17","i19","i19","i17","i14","i13","i11","i11","i10","i9","i9","i6","i6","i6","i5","i4","i3"
"202","Eucalyptus albida","i15","i12","i17","i19","i19","i17","i14","i13","i11","i11","i10","i9","i9","i6","i6","i6","i5","i4","i3"
"203","Eucalyptus foecunda","i15","i12","i17","i19","i19","i17","i14","i13","i11","i11","i10","i9","i9","i6","i6","i6","i5","i4","i3"
"204","Eucalyptus fruticosa","i15","i12","i17","i19","i19","i17","i14","i13","i11","i11","i10","i9","i9","i6","i6","i6","i5","i4","i3"
"205","Eucalyptus capillosa","Eucalyptus capillosa","Eucalyptus capillosa","i18","i19","i19","i17","i14","i13","i11","i11","i10","i9","i9","i6","i6","i6","i5","i4","i3"
"206","Eucalyptus brachyandra","Eucalyptus brachyandra","Eucalyptus brachyandra","i18","i19","i19","i17","i14","i13","i11","i11","i10","i9","i9","i6","i6","i6","i5","i4","i3"
"207","Eucalyptus cosmophylla","Eucalyptus cosmophylla","i13","i18","i19","i19","i17","i14","i13","i11","i11","i10","i9","i9","i6","i6","i6","i5","i4","i3"
"208","Eucalyptus grisea","i16","i13","i18","i19","i19","i17","i14","i13","i11","i11","i10","i9","i9","i6","i6","i6","i5","i4","i3"
"209","Eucalyptus rudis","i16","i13","i18","i19","i19","i17","i14","i13","i11","i11","i10","i9","i9","i6","i6","i6","i5","i4","i3"
"210","Eucalyptus herbertiana","i16","i13","i18","i19","i19","i17","i14","i13","i11","i11","i10","i9","i9","i6","i6","i6","i5","i4","i3"
"211","Eucalyptus platyphylla","i16","i13","i18","i19","i19","i17","i14","i13","i11","i11","i10","i9","i9","i6","i6","i6","i5","i4","i3"
"212","Eucalyptus houseana","i16","i13","i18","i19","i19","i17","i14","i13","i11","i11","i10","i9","i9","i6","i6","i6","i5","i4","i3"
"213","Eucalyptus alba","i16","i13","i18","i19","i19","i17","i14","i13","i11","i11","i10","i9","i9","i6","i6","i6","i5","i4","i3"
"214","Eucalyptus longirostrata","i16","i13","i18","i19","i19","i17","i14","i13","i11","i11","i10","i9","i9","i6","i6","i6","i5","i4","i3"
"215","Eucalyptus canaliculata","i16","i13","i18","i19","i19","i17","i14","i13","i11","i11","i10","i9","i9","i6","i6","i6","i5","i4","i3"
"216","Eucalyptus prava","i16","i13","i18","i19","i19","i17","i14","i13","i11","i11","i10","i9","i9","i6","i6","i6","i5","i4","i3"
"217","Eucalyptus pellita","i16","i13","i18","i19","i19","i17","i14","i13","i11","i11","i10","i9","i9","i6","i6","i6","i5","i4","i3"
"218","Eucalyptus grandis","i16","i13","i18","i19","i19","i17","i14","i13","i11","i11","i10","i9","i9","i6","i6","i6","i5","i4","i3"
"219","Eucalyptus saligna","i16","i13","i18","i19","i19","i17","i14","i13","i11","i11","i10","i9","i9","i6","i6","i6","i5","i4","i3"
"220","Eucalyptus tintinnans","i16","i13","i18","i19","i19","i17","i14","i13","i11","i11","i10","i9","i9","i6","i6","i6","i5","i4","i3"
"221","Eucalyptus brassiana","i16","i13","i18","i19","i19","i17","i14","i13","i11","i11","i10","i9","i9","i6","i6","i6","i5","i4","i3"
"222","Eucalyptus dwyeri","i16","i13","i18","i19","i19","i17","i14","i13","i11","i11","i10","i9","i9","i6","i6","i6","i5","i4","i3"
"223","Eucalyptus morrisii","i16","i13","i18","i19","i19","i17","i14","i13","i11","i11","i10","i9","i9","i6","i6","i6","i5","i4","i3"
"224","Eucalyptus flindersii","i16","i13","i18","i19","i19","i17","i14","i13","i11","i11","i10","i9","i9","i6","i6","i6","i5","i4","i3"
"225","Eucalyptus interstans","i16","i13","i18","i19","i19","i17","i14","i13","i11","i11","i10","i9","i9","i6","i6","i6","i5","i4","i3"
"226","Eucalyptus blakelyi","i16","i13","i18","i19","i19","i17","i14","i13","i11","i11","i10","i9","i9","i6","i6","i6","i5","i4","i3"
"227","Eucalyptus gillenii","i16","i13","i18","i19","i19","i17","i14","i13","i11","i11","i10","i9","i9","i6","i6","i6","i5","i4","i3"
"228","Eucalyptus lockyeri","i16","i13","i18","i19","i19","i17","i14","i13","i11","i11","i10","i9","i9","i6","i6","i6","i5","i4","i3"
"229","Eucalyptus vicina","i16","i13","i18","i19","i19","i17","i14","i13","i11","i11","i10","i9","i9","i6","i6","i6","i5","i4","i3"
"230","Eucalyptus dealbata","i16","i13","i18","i19","i19","i17","i14","i13","i11","i11","i10","i9","i9","i6","i6","i6","i5","i4","i3"
"231","Eucalyptus major","Eucalyptus major","i13","i18","i19","i19","i17","i14","i13","i11","i11","i10","i9","i9","i6","i6","i6","i5","i4","i3"
"232","Eucalyptus disclusa","Eucalyptus disclusa","i13","i18","i19","i19","i17","i14","i13","i11","i11","i10","i9","i9","i6","i6","i6","i5","i4","i3"
"233","Eucalyptus subcrenulata","i17","i13","i18","i19","i19","i17","i14","i13","i11","i11","i10","i9","i9","i6","i6","i6","i5","i4","i3"
"234","Eucalyptus seeana","i17","i13","i18","i19","i19","i17","i14","i13","i11","i11","i10","i9","i9","i6","i6","i6","i5","i4","i3"
"235","Eucalyptus michaeliana","i18","i13","i18","i19","i19","i17","i14","i13","i11","i11","i10","i9","i9","i6","i6","i6","i5","i4","i3"
"236","Eucalyptus brunnea","i18","i13","i18","i19","i19","i17","i14","i13","i11","i11","i10","i9","i9","i6","i6","i6","i5","i4","i3"
"237","Eucalyptus propinqua","Eucalyptus propinqua","i13","i18","i19","i19","i17","i14","i13","i11","i11","i10","i9","i9","i6","i6","i6","i5","i4","i3"
"238","Eucalyptus neglecta","Eucalyptus neglecta","i13","i18","i19","i19","i17","i14","i13","i11","i11","i10","i9","i9","i6","i6","i6","i5","i4","i3"
"239","Eucalyptus botryoides","i19","i13","i18","i19","i19","i17","i14","i13","i11","i11","i10","i9","i9","i6","i6","i6","i5","i4","i3"
"240","Eucalyptus quadrangulata","i19","i13","i18","i19","i19","i17","i14","i13","i11","i11","i10","i9","i9","i6","i6","i6","i5","i4","i3"
"241","Eucalyptus deanei","Eucalyptus deanei","i13","i18","i19","i19","i17","i14","i13","i11","i11","i10","i9","i9","i6","i6","i6","i5","i4","i3"
"242","Eucalyptus angophoroides","i20","i13","i18","i19","i19","i17","i14","i13","i11","i11","i10","i9","i9","i6","i6","i6","i5","i4","i3"
"243","Eucalyptus bridgesiana","i20","i13","i18","i19","i19","i17","i14","i13","i11","i11","i10","i9","i9","i6","i6","i6","i5","i4","i3"
"244","Eucalyptus malacoxylon","i20","i13","i18","i19","i19","i17","i14","i13","i11","i11","i10","i9","i9","i6","i6","i6","i5","i4","i3"
"245","Eucalyptus dunnii","i20","i13","i18","i19","i19","i17","i14","i13","i11","i11","i10","i9","i9","i6","i6","i6","i5","i4","i3"
"246","Eucalyptus retinens","i20","i13","i18","i19","i19","i17","i14","i13","i11","i11","i10","i9","i9","i6","i6","i6","i5","i4","i3"
"247","Eucalyptus barberi","i20","i13","i18","i19","i19","i17","i14","i13","i11","i11","i10","i9","i9","i6","i6","i6","i5","i4","i3"
"248","Eucalyptus cordata","i20","i13","i18","i19","i19","i17","i14","i13","i11","i11","i10","i9","i9","i6","i6","i6","i5","i4","i3"
"249","Eucalyptus smithii","i20","i13","i18","i19","i19","i17","i14","i13","i11","i11","i10","i9","i9","i6","i6","i6","i5","i4","i3"
"250","Eucalyptus baeuerlenii","i20","i13","i18","i19","i19","i17","i14","i13","i11","i11","i10","i9","i9","i6","i6","i6","i5","i4","i3"
"251","Eucalyptus microneura","i20","i13","i18","i19","i19","i17","i14","i13","i11","i11","i10","i9","i9","i6","i6","i6","i5","i4","i3"
"252","Eucalyptus nortonii","i20","i13","i18","i19","i19","i17","i14","i13","i11","i11","i10","i9","i9","i6","i6","i6","i5","i4","i3"
"253","Eucalyptus macarthurii","i20","i13","i18","i19","i19","i17","i14","i13","i11","i11","i10","i9","i9","i6","i6","i6","i5","i4","i3"
"254","Eucalyptus cephalocarpa","i20","i13","i18","i19","i19","i17","i14","i13","i11","i11","i10","i9","i9","i6","i6","i6","i5","i4","i3"
"255","Eucalyptus denticulata","i20","i13","i18","i19","i19","i17","i14","i13","i11","i11","i10","i9","i9","i6","i6","i6","i5","i4","i3"
"256","Eucalyptus glaucescens","i20","i13","i18","i19","i19","i17","i14","i13","i11","i11","i10","i9","i9","i6","i6","i6","i5","i4","i3"
"257","Eucalyptus quinniorum","i20","i13","i18","i19","i19","i17","i14","i13","i11","i11","i10","i9","i9","i6","i6","i6","i5","i4","i3"
"258","Eucalyptus perriniana","i20","i13","i18","i19","i19","i17","i14","i13","i11","i11","i10","i9","i9","i6","i6","i6","i5","i4","i3"
"259","Eucalyptus vernicosa","i20","i13","i18","i19","i19","i17","i14","i13","i11","i11","i10","i9","i9","i6","i6","i6","i5","i4","i3"
"260","Eucalyptus ignorabilis","i20","i13","i18","i19","i19","i17","i14","i13","i11","i11","i10","i9","i9","i6","i6","i6","i5","i4","i3"
"261","Eucalyptus wilcoxii","i20","i13","i18","i19","i19","i17","i14","i13","i11","i11","i10","i9","i9","i6","i6","i6","i5","i4","i3"
"262","Eucalyptus rodwayi","i20","i13","i18","i19","i19","i17","i14","i13","i11","i11","i10","i9","i9","i6","i6","i6","i5","i4","i3"
"263","Eucalyptus elliptica","i20","i13","i18","i19","i19","i17","i14","i13","i11","i11","i10","i9","i9","i6","i6","i6","i5","i4","i3"
"264","Eucalyptus nobilis","i20","i13","i18","i19","i19","i17","i14","i13","i11","i11","i10","i9","i9","i6","i6","i6","i5","i4","i3"
"265","Eucalyptus longifolia","i20","i13","i18","i19","i19","i17","i14","i13","i11","i11","i10","i9","i9","i6","i6","i6","i5","i4","i3"
"266","Eucalyptus cypellocarpa","i20","i13","i18","i19","i19","i17","i14","i13","i11","i11","i10","i9","i9","i6","i6","i6","i5","i4","i3"
"267","Eucalyptus badjensis","i20","i13","i18","i19","i19","i17","i14","i13","i11","i11","i10","i9","i9","i6","i6","i6","i5","i4","i3"
"268","Eucalyptus nitens","i20","i13","i18","i19","i19","i17","i14","i13","i11","i11","i10","i9","i9","i6","i6","i6","i5","i4","i3"
"269","Eucalyptus alaticaulis","i20","i13","i18","i19","i19","i17","i14","i13","i11","i11","i10","i9","i9","i6","i6","i6","i5","i4","i3"
"270","Eucalyptus acaciiformis","i20","i13","i18","i19","i19","i17","i14","i13","i11","i11","i10","i9","i9","i6","i6","i6","i5","i4","i3"
"271","Eucalyptus conspicua","i20","i13","i18","i19","i19","i17","i14","i13","i11","i11","i10","i9","i9","i6","i6","i6","i5","i4","i3"
"272","Eucalyptus lucasii","Eucalyptus lucasii","i14","i18","i19","i19","i17","i14","i13","i11","i11","i10","i9","i9","i6","i6","i6","i5","i4","i3"
"273","Eucalyptus petraea","Eucalyptus petraea","i14","i18","i19","i19","i17","i14","i13","i11","i11","i10","i9","i9","i6","i6","i6","i5","i4","i3"
"274","Eucalyptus tephrodes","Eucalyptus tephrodes","i14","i18","i19","i19","i17","i14","i13","i11","i11","i10","i9","i9","i6","i6","i6","i5","i4","i3"
"275","Eucalyptus sparsa","Eucalyptus sparsa","i14","i18","i19","i19","i17","i14","i13","i11","i11","i10","i9","i9","i6","i6","i6","i5","i4","i3"
"276","Eucalyptus pilbarensis","Eucalyptus pilbarensis","i14","i18","i19","i19","i17","i14","i13","i11","i11","i10","i9","i9","i6","i6","i6","i5","i4","i3"
"277","Eucalyptus argillacea","Eucalyptus argillacea","i14","i18","i19","i19","i17","i14","i13","i11","i11","i10","i9","i9","i6","i6","i6","i5","i4","i3"
"278","Eucalyptus victrix","Eucalyptus victrix","i14","i18","i19","i19","i17","i14","i13","i11","i11","i10","i9","i9","i6","i6","i6","i5","i4","i3"
"279","Eucalyptus dura","Eucalyptus dura","i14","i18","i19","i19","i17","i14","i13","i11","i11","i10","i9","i9","i6","i6","i6","i5","i4","i3"
"280","Eucalyptus xerothermica","Eucalyptus xerothermica","i14","i18","i19","i19","i17","i14","i13","i11","i11","i10","i9","i9","i6","i6","i6","i5","i4","i3"
"281","Eucalyptus rummeryi","i21","i14","i18","i19","i19","i17","i14","i13","i11","i11","i10","i9","i9","i6","i6","i6","i5","i4","i3"
"282","Eucalyptus albopurpurea","i21","i14","i18","i19","i19","i17","i14","i13","i11","i11","i10","i9","i9","i6","i6","i6","i5","i4","i3"
"283","Eucalyptus scopulorum","i22","i14","i18","i19","i19","i17","i14","i13","i11","i11","i10","i9","i9","i6","i6","i6","i5","i4","i3"
"284","Eucalyptus crebra","i22","i14","i18","i19","i19","i17","i14","i13","i11","i11","i10","i9","i9","i6","i6","i6","i5","i4","i3"
"285","Eucalyptus rhombica","i23","i14","i18","i19","i19","i17","i14","i13","i11","i11","i10","i9","i9","i6","i6","i6","i5","i4","i3"
"286","Eucalyptus decolor","i23","i14","i18","i19","i19","i17","i14","i13","i11","i11","i10","i9","i9","i6","i6","i6","i5","i4","i3"
"287","Eucalyptus panda","i23","i14","i18","i19","i19","i17","i14","i13","i11","i11","i10","i9","i9","i6","i6","i6","i5","i4","i3"
"288","Eucalyptus decorticans","i23","i14","i18","i19","i19","i17","i14","i13","i11","i11","i10","i9","i9","i6","i6","i6","i5","i4","i3"
"289","Eucalyptus melanoleuca","i23","i14","i18","i19","i19","i17","i14","i13","i11","i11","i10","i9","i9","i6","i6","i6","i5","i4","i3"
"290","Eucalyptus fasciculosa","i23","i14","i18","i19","i19","i17","i14","i13","i11","i11","i10","i9","i9","i6","i6","i6","i5","i4","i3"
"291","Eucalyptus limitaris","i23","i14","i18","i19","i19","i17","i14","i13","i11","i11","i10","i9","i9","i6","i6","i6","i5","i4","i3"
"292","Eucalyptus chlorophylla","i23","i14","i18","i19","i19","i17","i14","i13","i11","i11","i10","i9","i9","i6","i6","i6","i5","i4","i3"
"293","Eucalyptus coolabah","i23","i14","i18","i19","i19","i17","i14","i13","i11","i11","i10","i9","i9","i6","i6","i6","i5","i4","i3"
"294","Eucalyptus tectifica","i23","i14","i18","i19","i19","i17","i14","i13","i11","i11","i10","i9","i9","i6","i6","i6","i5","i4","i3"
"295","Eucalyptus atrata","i23","i14","i18","i19","i19","i17","i14","i13","i11","i11","i10","i9","i9","i6","i6","i6","i5","i4","i3"
"296","Eucalyptus lucens","i23","i14","i18","i19","i19","i17","i14","i13","i11","i11","i10","i9","i9","i6","i6","i6","i5","i4","i3"
"297","Eucalyptus patellaris","i23","i14","i18","i19","i19","i17","i14","i13","i11","i11","i10","i9","i9","i6","i6","i6","i5","i4","i3"
"298","Eucalyptus granitica","i23","i14","i18","i19","i19","i17","i14","i13","i11","i11","i10","i9","i9","i6","i6","i6","i5","i4","i3"
"299","Eucalyptus acroleuca","i23","i14","i18","i19","i19","i17","i14","i13","i11","i11","i10","i9","i9","i6","i6","i6","i5","i4","i3"
"300","Eucalyptus intertexta","i23","i14","i18","i19","i19","i17","i14","i13","i11","i11","i10","i9","i9","i6","i6","i6","i5","i4","i3"
"301","Eucalyptus thozetiana","i23","i14","i18","i19","i19","i17","i14","i13","i11","i11","i10","i9","i9","i6","i6","i6","i5","i4","i3"
"302","Eucalyptus distans","i23","i14","i18","i19","i19","i17","i14","i13","i11","i11","i10","i9","i9","i6","i6","i6","i5","i4","i3"
"303","Eucalyptus sicilifolia","i23","i14","i18","i19","i19","i17","i14","i13","i11","i11","i10","i9","i9","i6","i6","i6","i5","i4","i3"
"304","Eucalyptus dawsonii","i23","i14","i18","i19","i19","i17","i14","i13","i11","i11","i10","i9","i9","i6","i6","i6","i5","i4","i3"
"305","Eucalyptus conica","i23","i14","i18","i19","i19","i17","i14","i13","i11","i11","i10","i9","i9","i6","i6","i6","i5","i4","i3"
"306","Eucalyptus orgadophila","i23","i14","i18","i19","i19","i17","i14","i13","i11","i11","i10","i9","i9","i6","i6","i6","i5","i4","i3"
"307","Eucalyptus tholiformis","i23","i14","i18","i19","i19","i17","i14","i13","i11","i11","i10","i9","i9","i6","i6","i6","i5","i4","i3"
"308","Eucalyptus populnea","i23","i14","i18","i19","i19","i17","i14","i13","i11","i11","i10","i9","i9","i6","i6","i6","i5","i4","i3"
"309","Eucalyptus viridis","i23","i14","i18","i19","i19","i17","i14","i13","i11","i11","i10","i9","i9","i6","i6","i6","i5","i4","i3"
"310","Eucalyptus rudderi","i23","i14","i18","i19","i19","i17","i14","i13","i11","i11","i10","i9","i9","i6","i6","i6","i5","i4","i3"
"311","Eucalyptus howittiana","i23","i14","i18","i19","i19","i17","i14","i13","i11","i11","i10","i9","i9","i6","i6","i6","i5","i4","i3"
"312","Eucalyptus exilipes","i23","i14","i18","i19","i19","i17","i14","i13","i11","i11","i10","i9","i9","i6","i6","i6","i5","i4","i3"
"313","Eucalyptus beyeriana","i23","i14","i18","i19","i19","i17","i14","i13","i11","i11","i10","i9","i9","i6","i6","i6","i5","i4","i3"
"314","Eucalyptus fusiformis","i23","i14","i18","i19","i19","i17","i14","i13","i11","i11","i10","i9","i9","i6","i6","i6","i5","i4","i3"
"315","Eucalyptus moluccana","i23","i14","i18","i19","i19","i17","i14","i13","i11","i11","i10","i9","i9","i6","i6","i6","i5","i4","i3"
"316","Eucalyptus largiflorens","i23","i14","i18","i19","i19","i17","i14","i13","i11","i11","i10","i9","i9","i6","i6","i6","i5","i4","i3"
"317","Eucalyptus ochrophloia","i23","i14","i18","i19","i19","i17","i14","i13","i11","i11","i10","i9","i9","i6","i6","i6","i5","i4","i3"
"318","Eucalyptus sideroxylon","i23","i14","i18","i19","i19","i17","i14","i13","i11","i11","i10","i9","i9","i6","i6","i6","i5","i4","i3"
"319","Eucalyptus placita","i23","i14","i18","i19","i19","i17","i14","i13","i11","i11","i10","i9","i9","i6","i6","i6","i5","i4","i3"
"320","Eucalyptus microtheca","i23","i14","i18","i19","i19","i17","i14","i13","i11","i11","i10","i9","i9","i6","i6","i6","i5","i4","i3"
"321","Eucalyptus confluens","i23","i14","i18","i19","i19","i17","i14","i13","i11","i11","i10","i9","i9","i6","i6","i6","i5","i4","i3"
"322","Eucalyptus brevifolia","i23","i14","i18","i19","i19","i17","i14","i13","i11","i11","i10","i9","i9","i6","i6","i6","i5","i4","i3"
"323","Eucalyptus leptophleba","i23","i14","i18","i19","i19","i17","i14","i13","i11","i11","i10","i9","i9","i6","i6","i6","i5","i4","i3"
"324","Eucalyptus oligantha","i23","i14","i18","i19","i19","i17","i14","i13","i11","i11","i10","i9","i9","i6","i6","i6","i5","i4","i3"
"325","Eucalyptus quadricostata","i23","i14","i18","i19","i19","i17","i14","i13","i11","i11","i10","i9","i9","i6","i6","i6","i5","i4","i3"
"326","Eucalyptus ancophila","i23","i14","i18","i19","i19","i17","i14","i13","i11","i11","i10","i9","i9","i6","i6","i6","i5","i4","i3"
"327","Eucalyptus albens","i23","i14","i18","i19","i19","i17","i14","i13","i11","i11","i10","i9","i9","i6","i6","i6","i5","i4","i3"
"328","Eucalyptus pilligaensis","i23","i14","i18","i19","i19","i17","i14","i13","i11","i11","i10","i9","i9","i6","i6","i6","i5","i4","i3"
"329","Eucalyptus normantonensis","i23","i14","i18","i19","i19","i17","i14","i13","i11","i11","i10","i9","i9","i6","i6","i6","i5","i4","i3"
"330","Eucalyptus polybractea","i23","i14","i18","i19","i19","i17","i14","i13","i11","i11","i10","i9","i9","i6","i6","i6","i5","i4","i3"
"331","Eucalyptus melliodora","i23","i14","i18","i19","i19","i17","i14","i13","i11","i11","i10","i9","i9","i6","i6","i6","i5","i4","i3"
"332","Eucalyptus bosistoana","i23","i14","i18","i19","i19","i17","i14","i13","i11","i11","i10","i9","i9","i6","i6","i6","i5","i4","i3"
"333","Eucalyptus tricarpa","i23","i14","i18","i19","i19","i17","i14","i13","i11","i11","i10","i9","i9","i6","i6","i6","i5","i4","i3"
"334","Eucalyptus siderophloia","i23","i14","i18","i19","i19","i17","i14","i13","i11","i11","i10","i9","i9","i6","i6","i6","i5","i4","i3"
"335","Eucalyptus largeana","i23","i14","i18","i19","i19","i17","i14","i13","i11","i11","i10","i9","i9","i6","i6","i6","i5","i4","i3"
"336","Eucalyptus paniculata","i23","i14","i18","i19","i19","i17","i14","i13","i11","i11","i10","i9","i9","i6","i6","i6","i5","i4","i3"
"337","Eucalyptus lansdowneana","i23","i14","i18","i19","i19","i17","i14","i13","i11","i11","i10","i9","i9","i6","i6","i6","i5","i4","i3"
"338","Eucalyptus porosa","i23","i14","i18","i19","i19","i17","i14","i13","i11","i11","i10","i9","i9","i6","i6","i6","i5","i4","i3"
"339","Eucalyptus baueriana","i23","i14","i18","i19","i19","i17","i14","i13","i11","i11","i10","i9","i9","i6","i6","i6","i5","i4","i3"
"340","Eucalyptus dumosa","i24","i15","i18","i19","i19","i17","i14","i13","i11","i11","i10","i9","i9","i6","i6","i6","i5","i4","i3"
"341","Eucalyptus cyanophylla","i24","i15","i18","i19","i19","i17","i14","i13","i11","i11","i10","i9","i9","i6","i6","i6","i5","i4","i3"
"342","Eucalyptus brachycalyx","Eucalyptus brachycalyx","i15","i18","i19","i19","i17","i14","i13","i11","i11","i10","i9","i9","i6","i6","i6","i5","i4","i3"
"343","Eucalyptus pileata","i25","i15","i18","i19","i19","i17","i14","i13","i11","i11","i10","i9","i9","i6","i6","i6","i5","i4","i3"
"344","Eucalyptus clelandii","i25","i15","i18","i19","i19","i17","i14","i13","i11","i11","i10","i9","i9","i6","i6","i6","i5","i4","i3"
"345","Eucalyptus torquata","i25","i15","i18","i19","i19","i17","i14","i13","i11","i11","i10","i9","i9","i6","i6","i6","i5","i4","i3"
"346","Eucalyptus spreta","i25","i15","i18","i19","i19","i17","i14","i13","i11","i11","i10","i9","i9","i6","i6","i6","i5","i4","i3"
"347","Eucalyptus gypsophila","Eucalyptus gypsophila","i15","i18","i19","i19","i17","i14","i13","i11","i11","i10","i9","i9","i6","i6","i6","i5","i4","i3"
"348","Eucalyptus vittata","Eucalyptus vittata","i15","i18","i19","i19","i17","i14","i13","i11","i11","i10","i9","i9","i6","i6","i6","i5","i4","i3"
"349","Eucalyptus percostata","i26","i15","i18","i19","i19","i17","i14","i13","i11","i11","i10","i9","i9","i6","i6","i6","i5","i4","i3"
"350","Eucalyptus tenuis","i26","i15","i18","i19","i19","i17","i14","i13","i11","i11","i10","i9","i9","i6","i6","i6","i5","i4","i3"
"351","Eucalyptus polita","i27","i15","i18","i19","i19","i17","i14","i13","i11","i11","i10","i9","i9","i6","i6","i6","i5","i4","i3"
"352","Eucalyptus obtusiflora","i27","i15","i18","i19","i19","i17","i14","i13","i11","i11","i10","i9","i9","i6","i6","i6","i5","i4","i3"
"353","Eucalyptus corrugata","i27","i15","i18","i19","i19","i17","i14","i13","i11","i11","i10","i9","i9","i6","i6","i6","i5","i4","i3"
"354","Eucalyptus brachycorys","i27","i15","i18","i19","i19","i17","i14","i13","i11","i11","i10","i9","i9","i6","i6","i6","i5","i4","i3"
"355","Eucalyptus ceratocorys","Eucalyptus ceratocorys","i15","i18","i19","i19","i17","i14","i13","i11","i11","i10","i9","i9","i6","i6","i6","i5","i4","i3"
"356","Eucalyptus oraria","Eucalyptus oraria","i15","i18","i19","i19","i17","i14","i13","i11","i11","i10","i9","i9","i6","i6","i6","i5","i4","i3"
"357","Eucalyptus yilgarnensis","i28","i15","i18","i19","i19","i17","i14","i13","i11","i11","i10","i9","i9","i6","i6","i6","i5","i4","i3"
"358","Eucalyptus gracilis","i28","i15","i18","i19","i19","i17","i14","i13","i11","i11","i10","i9","i9","i6","i6","i6","i5","i4","i3"
"359","Eucalyptus quadrans","i28","i15","i18","i19","i19","i17","i14","i13","i11","i11","i10","i9","i9","i6","i6","i6","i5","i4","i3"
"360","Eucalyptus halophila","i28","i15","i18","i19","i19","i17","i14","i13","i11","i11","i10","i9","i9","i6","i6","i6","i5","i4","i3"
"361","Eucalyptus rugosa","Eucalyptus rugosa","i15","i18","i19","i19","i17","i14","i13","i11","i11","i10","i9","i9","i6","i6","i6","i5","i4","i3"
"362","Eucalyptus lesouefii","i29","i15","i18","i19","i19","i17","i14","i13","i11","i11","i10","i9","i9","i6","i6","i6","i5","i4","i3"
"363","Eucalyptus captiosa","i29","i15","i18","i19","i19","i17","i14","i13","i11","i11","i10","i9","i9","i6","i6","i6","i5","i4","i3"
"364","Eucalyptus incrassata","i29","i15","i18","i19","i19","i17","i14","i13","i11","i11","i10","i9","i9","i6","i6","i6","i5","i4","i3"
"365","Eucalyptus singularis","i29","i15","i18","i19","i19","i17","i14","i13","i11","i11","i10","i9","i9","i6","i6","i6","i5","i4","i3"
"366","Eucalyptus angulosa","i29","i15","i18","i19","i19","i17","i14","i13","i11","i11","i10","i9","i9","i6","i6","i6","i5","i4","i3"
"367","Eucalyptus calcareana","i29","i15","i18","i19","i19","i17","i14","i13","i11","i11","i10","i9","i9","i6","i6","i6","i5","i4","i3"
"368","Eucalyptus transcontinentalis","i29","i15","i18","i19","i19","i17","i14","i13","i11","i11","i10","i9","i9","i6","i6","i6","i5","i4","i3"
"369","Eucalyptus melanoxylon","i29","i15","i18","i19","i19","i17","i14","i13","i11","i11","i10","i9","i9","i6","i6","i6","i5","i4","i3"
"370","Eucalyptus griffithsii","i29","i15","i18","i19","i19","i17","i14","i13","i11","i11","i10","i9","i9","i6","i6","i6","i5","i4","i3"
"371","Eucalyptus ovularis","i29","i15","i18","i19","i19","i17","i14","i13","i11","i11","i10","i9","i9","i6","i6","i6","i5","i4","i3"
"372","Eucalyptus scyphocalyx","Eucalyptus scyphocalyx","i15","i18","i19","i19","i17","i14","i13","i11","i11","i10","i9","i9","i6","i6","i6","i5","i4","i3"
"373","Eucalyptus pimpiniana","Eucalyptus pimpiniana","i15","i18","i19","i19","i17","i14","i13","i11","i11","i10","i9","i9","i6","i6","i6","i5","i4","i3"
"374","Eucalyptus cylindrocarpa","Eucalyptus cylindrocarpa","i15","i18","i19","i19","i17","i14","i13","i11","i11","i10","i9","i9","i6","i6","i6","i5","i4","i3"
"375","Eucalyptus woodwardii","Eucalyptus woodwardii","i15","i18","i19","i19","i17","i14","i13","i11","i11","i10","i9","i9","i6","i6","i6","i5","i4","i3"
"376","Eucalyptus dundasii","Eucalyptus dundasii","i15","i18","i19","i19","i17","i14","i13","i11","i11","i10","i9","i9","i6","i6","i6","i5","i4","i3"
"377","Eucalyptus macrandra","i30","i15","i18","i19","i19","i17","i14","i13","i11","i11","i10","i9","i9","i6","i6","i6","i5","i4","i3"
"378","Eucalyptus gomphocephala","i30","i15","i18","i19","i19","i17","i14","i13","i11","i11","i10","i9","i9","i6","i6","i6","i5","i4","i3"
"379","Eucalyptus incerata","i30","i15","i18","i19","i19","i17","i14","i13","i11","i11","i10","i9","i9","i6","i6","i6","i5","i4","i3"
"380","Eucalyptus megacornuta","i30","i15","i18","i19","i19","i17","i14","i13","i11","i11","i10","i9","i9","i6","i6","i6","i5","i4","i3"
"381","Eucalyptus cornuta","i30","i15","i18","i19","i19","i17","i14","i13","i11","i11","i10","i9","i9","i6","i6","i6","i5","i4","i3"
"382","Eucalyptus depauperata","i30","i15","i18","i19","i19","i17","i14","i13","i11","i11","i10","i9","i9","i6","i6","i6","i5","i4","i3"
"383","Eucalyptus cylindriflora","i30","i15","i18","i19","i19","i17","i14","i13","i11","i11","i10","i9","i9","i6","i6","i6","i5","i4","i3"
"384","Eucalyptus aspratilis","i30","i15","i18","i19","i19","i17","i14","i13","i11","i11","i10","i9","i9","i6","i6","i6","i5","i4","i3"
"385","Eucalyptus dielsii","i30","i15","i18","i19","i19","i17","i14","i13","i11","i11","i10","i9","i9","i6","i6","i6","i5","i4","i3"
"386","Eucalyptus diminuta","i30","i15","i18","i19","i19","i17","i14","i13","i11","i11","i10","i9","i9","i6","i6","i6","i5","i4","i3"
"387","Eucalyptus tenera","i30","i15","i18","i19","i19","i17","i14","i13","i11","i11","i10","i9","i9","i6","i6","i6","i5","i4","i3"
"388","Eucalyptus eremophila","i30","i15","i18","i19","i19","i17","i14","i13","i11","i11","i10","i9","i9","i6","i6","i6","i5","i4","i3"
"389","Eucalyptus concinna","i30","i15","i18","i19","i19","i17","i14","i13","i11","i11","i10","i9","i9","i6","i6","i6","i5","i4","i3"
"390","Eucalyptus ophitica","i30","i15","i18","i19","i19","i17","i14","i13","i11","i11","i10","i9","i9","i6","i6","i6","i5","i4","i3"
"391","Eucalyptus whitei","i30","i15","i18","i19","i19","i17","i14","i13","i11","i11","i10","i9","i9","i6","i6","i6","i5","i4","i3"
"392","Eucalyptus annulata","i30","i15","i18","i19","i19","i17","i14","i13","i11","i11","i10","i9","i9","i6","i6","i6","i5","i4","i3"
"393","Eucalyptus redunca","i30","i15","i18","i19","i19","i17","i14","i13","i11","i11","i10","i9","i9","i6","i6","i6","i5","i4","i3"
"394","Eucalyptus cernua","i30","i15","i18","i19","i19","i17","i14","i13","i11","i11","i10","i9","i9","i6","i6","i6","i5","i4","i3"
"395","Eucalyptus proxima","i30","i15","i18","i19","i19","i17","i14","i13","i11","i11","i10","i9","i9","i6","i6","i6","i5","i4","i3"
"396","Eucalyptus utilis","i30","i15","i18","i19","i19","i17","i14","i13","i11","i11","i10","i9","i9","i6","i6","i6","i5","i4","i3"
"397","Eucalyptus prominens","i30","i15","i18","i19","i19","i17","i14","i13","i11","i11","i10","i9","i9","i6","i6","i6","i5","i4","i3"
"398","Eucalyptus carnei","i30","i15","i18","i19","i19","i17","i14","i13","i11","i11","i10","i9","i9","i6","i6","i6","i5","i4","i3"
"399","Eucalyptus talyuberlup","i30","i15","i18","i19","i19","i17","i14","i13","i11","i11","i10","i9","i9","i6","i6","i6","i5","i4","i3"
"400","Eucalyptus tortilis","i30","i15","i18","i19","i19","i17","i14","i13","i11","i11","i10","i9","i9","i6","i6","i6","i5","i4","i3"
"401","Eucalyptus laeliae","i30","i15","i18","i19","i19","i17","i14","i13","i11","i11","i10","i9","i9","i6","i6","i6","i5","i4","i3"
"402","Eucalyptus trivalvis","i30","i15","i18","i19","i19","i17","i14","i13","i11","i11","i10","i9","i9","i6","i6","i6","i5","i4","i3"
"403","Eucalyptus stricklandii","i30","i15","i18","i19","i19","i17","i14","i13","i11","i11","i10","i9","i9","i6","i6","i6","i5","i4","i3"
"404","Eucalyptus grossa","i30","i15","i18","i19","i19","i17","i14","i13","i11","i11","i10","i9","i9","i6","i6","i6","i5","i4","i3"
"405","Eucalyptus protensa","i30","i15","i18","i19","i19","i17","i14","i13","i11","i11","i10","i9","i9","i6","i6","i6","i5","i4","i3"
"406","Eucalyptus accedens","i30","i15","i18","i19","i19","i17","i14","i13","i11","i11","i10","i9","i9","i6","i6","i6","i5","i4","i3"
"407","Eucalyptus stowardii","i30","i15","i18","i19","i19","i17","i14","i13","i11","i11","i10","i9","i9","i6","i6","i6","i5","i4","i3"
"408","Eucalyptus tumida","i30","i15","i18","i19","i19","i17","i14","i13","i11","i11","i10","i9","i9","i6","i6","i6","i5","i4","i3"
"409","Eucalyptus salubris","i30","i15","i18","i19","i19","i17","i14","i13","i11","i11","i10","i9","i9","i6","i6","i6","i5","i4","i3"
"410","Eucalyptus terebra","i30","i15","i18","i19","i19","i17","i14","i13","i11","i11","i10","i9","i9","i6","i6","i6","i5","i4","i3"
"411","Eucalyptus campaspe","i30","i15","i18","i19","i19","i17","i14","i13","i11","i11","i10","i9","i9","i6","i6","i6","i5","i4","i3"
"412","Eucalyptus diptera","i30","i15","i18","i19","i19","i17","i14","i13","i11","i11","i10","i9","i9","i6","i6","i6","i5","i4","i3"
"413","Eucalyptus ravida","i30","i15","i18","i19","i19","i17","i14","i13","i11","i11","i10","i9","i9","i6","i6","i6","i5","i4","i3"
"414","Eucalyptus extensa","i30","i15","i18","i19","i19","i17","i14","i13","i11","i11","i10","i9","i9","i6","i6","i6","i5","i4","i3"
"415","Eucalyptus livida","i30","i15","i18","i19","i19","i17","i14","i13","i11","i11","i10","i9","i9","i6","i6","i6","i5","i4","i3"
"416","Eucalyptus cyclostoma","i30","i15","i18","i19","i19","i17","i14","i13","i11","i11","i10","i9","i9","i6","i6","i6","i5","i4","i3"
"417","Eucalyptus medialis","i30","i15","i18","i19","i19","i17","i14","i13","i11","i11","i10","i9","i9","i6","i6","i6","i5","i4","i3"
"418","Eucalyptus clivicola","i30","i15","i18","i19","i19","i17","i14","i13","i11","i11","i10","i9","i9","i6","i6","i6","i5","i4","i3"
